{"cameraMode":{"drawMode":0,"name":"Shaded","section":"Shading Mode"},"sceneLighting":false,"audioPlay":false,"sceneViewState":{"showFog":true,"showMaterialUpdate":true,"showSkybox":true,"showFlares":true,"showImageEffects":true,"showParticleSystems":true},"in2DMode":false,"pivot":{"x":22.455108642578126,"y":15.083999633789063,"z":-15.895915985107422},"rotation":{"x":-0.19492360949516297,"y":0.19274181127548219,"z":-0.039099909365177158,"w":-0.9608988761901856},"size":35.54819869995117,"orthographic":false}