{"cameraMode":{"drawMode":0,"name":"Shaded","section":"Shading Mode"},"sceneLighting":false,"audioPlay":false,"sceneViewState":{"showFog":true,"showMaterialUpdate":true,"showSkybox":true,"showFlares":true,"showImageEffects":true,"showParticleSystems":true},"in2DMode":false,"pivot":{"x":0.48851966857910159,"y":14.674583435058594,"z":11.968860626220704},"rotation":{"x":-0.0425434373319149,"y":0.912455141544342,"z":0.09830936789512634,"w":0.39490625262260439},"size":29.742490768432618,"orthographic":false}