{"cameraMode":{"drawMode":0,"name":"Shaded","section":"Shading Mode"},"sceneLighting":false,"audioPlay":false,"sceneViewState":{"showFog":true,"showMaterialUpdate":true,"showSkybox":true,"showFlares":true,"showImageEffects":true,"showParticleSystems":true},"in2DMode":false,"pivot":{"x":50.57598876953125,"y":-1.4390640258789063,"z":23.770061492919923},"rotation":{"x":0.018849505111575128,"y":-0.9807080626487732,"z":0.15160124003887177,"w":0.12195656448602677},"size":12.917642593383789,"orthographic":false}