{"cameraMode":{"drawMode":0,"name":"Shaded","section":"Shading Mode"},"sceneLighting":false,"audioPlay":false,"sceneViewState":{"showFog":true,"showMaterialUpdate":true,"showSkybox":true,"showFlares":true,"showImageEffects":true,"showParticleSystems":true},"in2DMode":false,"pivot":{"x":-100.01612854003906,"y":-0.7419970035552979,"z":143.08059692382813},"rotation":{"x":0.019506771117448808,"y":0.2469693124294281,"z":-0.004971025977283716,"w":0.9688141942024231},"size":27.683542251586915,"orthographic":false}